topic_id,collection_count,beatmap_count,collection_names,beatmap_names
0,302,33322,from broiiler to akolibed (9022) | farm (4719) | STREAM FARM (REALLY?) (2622) | Nezábavné mapy :D (9085) | Tegrität Farm (10256),Come With Me To The Other Side (feat. Liv Kristine) | Twilight Skies | Martyr of the Free Word | Chronostasis | Shoujo Kisoukyoku ~ Speed Battle | DRAGON FORCE | Black Pentagram | Hades: The end | Defenders | Vampir / Opfer | Above the Winter Moonlight | Uta | Pure Furies ~ Vengeance is Mine | REASON | March of War / Axe of Judgement | Genryuu Kaiko | Knight of Sword | Generations | With Fire and Sword (2013) | Symphony of the Night
1,135,1177,KEYEND 3 DIGITOS 19/08/24 (10998) | Farm (11612) | Siete hddt (10381) | -DT farm maps (8631) | 500-549 +DT (6111),Bye Bye YESTERDAY | DANZEN! Futari wa PreCure Ver. MaxHeart (TV Size) | Kuchizuke Diamond | Bombs away | Marshmary | POP/STARS | ya zhenyus' na devochke iz anime | Saigo made II (TV Size) | Kira Kira Days (Cut Ver.) | Heart Goes Boom!! [GAME Mix] | Kanpeki Gu~no ne (TV Size) | Tsunagaru Connect (TV Size) | IGNITE (TV Size) | Heart Realize (TV Size) | American Girls (Speed Up Ver.) | AaAaAaAAaAaAAa | Sentou! Champion | HIKARI (TV Size) | Yubi Bouenkyou ~Anime-ban~ | Congrathalations! (Cut Ver.)
2,266,2302,actually good maps (514) | flow aim (9165) | flow aim (2618) | .alt (8592) | //les maps cool (1298),Prayer | Koko Soko (AKIBA KOUBOU Eurobeat Remix) | Sakkyokusuru Nara Ima no Uchi! | w/WWW feat. Hoshimiya Toto | ito | Hijitsuzaikei Joshitachi wa Dou Surya Ii Desu ka? | Undercover Martyn | Justice Monster | Akari ga Yattekita zo | Daisuke | GAS GAS GAS | 7 Colors | Keshin | White Prism | HiT! HiT! HiT! | Bi | Technical Master | Kono Yubi Tomare | N.M.W | Dareka no Shinzou ni Nareta Nara
3,0,0,300bpm (19194) | 290bpm (19193) | 280bpm (19192) | 270bpm (19191) | 260bpm (19190),Yuuaku no Inori - Anima immortalis est. - | Take Me Home | Christmas Slop | Christmas Slop | Christmas Slop | Christmas Slop | Christmas Slop | Christmas Slop | Christmas Slop | Christmas Slop | Christmas Slop | Christmas Slop | Christmas Slop | Christmas Slop | Christmas Slop | Christmas Slop | Christmas Slop | Gumbarlzo! | the Tower of NIRV | Zephyrs
4,201,2088,Aim (10098) | # .- 4aim (13838) | My favorites jump map (5983) | Jump Map's (7964) | 8-10* Aim Map Collection (7389),Go Go Carlito (Who's That Boy?) | Warriors | Ao to Natsu (katagiri Bootleg) (Sped Up Ver.) | Kigurumi Sungeki | Sendan Life (katagiri Bootleg) | Trust Nothing but Love | Rat's Birthday Mixtape | Kizuitara Shunkashuutou | Sendan Life (katagiri Bootleg) | Crazy banger | Work (Breeze You'Nasty Remix) | Insight | Busta Rhymes Goes To The Wii Shop Channel | Win The Race | Katayoku no tori | Poco Loco | Kegare Naki Bara Juuji | In The Middle Of The Night (Speed Up Ver.) | DADADADADADADADADADA (Long Version) | Armed and Ready
5,239,3788,speed (10515) | speed (323) | +abog (speed archive) (4088) | !!!SPEED (1231) | kuu02 (5489),Airplanes (Feint Remix) | Airman ga Taosenai (SOUND HOLIC Ver.) | ChaiN De/structioN | Catastrophe | Omega Rhythm | Okaerinasai (tomatomerde Remix) | SLoWMoTIoN | Hanairo Biyori | Watercolour (Radio Edit) | Fantastic future | Mystic Oriental Love Consultation | Set Me Free | Aitakatta Sora | Renatus | Unmei no Dark Side -Rolling Gothic mix | Genryuu Kaiko | Hitomi ni Kakusareta Omoi | Hot Right Now (Radio Edit) | Mynarco Addiction | The Island (MaxNRG Remix)
6,94,1410,stream practice (17550) | stream - stamina (11193) | stream tools (11662) | stamina (12622) | 2. контроль жим пак  (16244),FUTURE DOMINATORS | thing | thing 3 (drum and based edition) | thing | thing 2 | thing 2 | thing 3 (drum and based edition) | thing 4 | thing 2 | thing | thing 3 (drum and based edition) | 200BPM Stream Compilation | Crimsonic dimension | CYBER INDUCTANCE | thing 4 | Nyan-Nyan Naughty Night | thing 4 | No Worries (Hybrid Minds Remix) | We Got It (feat. Rothwell) | No Worries (Hybrid Minds Remix)
7,140,1331,akolibed pp farm  (9159) | .consistency (12821) | o!c - Starbrush - consistency maps (10172) | 300-400pp consistency (7447) | noncicredo32 - .consistency (12824),affection | one | Atashi no Nokori Zenbu Ageru | Light for Knight | Twintail Dreamer! | Cherry Bomb | Kimi no Tonari de | Gareki no Shuuon | Core of Spark | Reason!! | Stage of Star | TWiNKLE CiRCLE | Kessen Spirit | R | Light Delight | Shinoburedo | Art as <3 | 1000-kai Urunda Sora | Control | It's you
8,191,2668,                     tech (5099) | Ranked & Loved Tech (2132) | Ranked Camellia Maps (5315) | 1d. tech (1462) | a list of a majority of camellia maps (tech) (5994),"LET'S JUMP (Camellia's ""diffractive"" Hardcore Remix) | Exit This Earth's Atomosphere (Camellia's ''PLANETARY//200STEP'' Remix) | WHAT THE CAT!? | Exit This Earth's Atomosphere | Burnt Rice (Aiobahn & Jh-Anu Remix) | We Could Get More Machinegun Psystyle! (And More Genre Switches) | senpai  notice me! | Bassline Yatteru? w | Rawstyle Bomb | OOPARTS | DON'T GIVE A FUCK | Upload Your Mind :: Download My Soul | Boogie | flower of wilderness | Speedrun | Dans la mer de son | FM Synthesis Experiment | Key of timepieces | Reality Distortion | ANOMALY"
9,249,3702,alt maps (1116) |  o!c - Kynexiz Alt/Flow (7309) |  Alt (3512) | 1c. alt (1461) | dt alt (14524),Dance Number o Tomo ni | With a Dance Number | Meikaruza | Scarlet Rose | Alternator Compilation | Make a Loser | Andromeda | Hurting for a Very Hurtful Pain | Senbonzakura | Sugar Song to Bitter Step | Akari ga Yattekita zo | anoko dokonoko | Kyouran Hey Kids!! | JoJo ~Sono Chi no Sadame~ Archetype MIX Ver. | Jinsei wa Hoeru | Hotohashiru | Cruel CRuEL | envidia | Invasion of stray cats | No 39
10,110,931,5 digit arc (9045) | easy dt 250-300pp for low 6 digit and high 5 digit (4445) | 300-349 +DT (6103) | dt aim (3474) | DT - 250PP (6264),"Orange | WONDERFUL WONDER (TV Size) | how to create the weeknd's ""blinding lights"" | Blooming Lily | Sore wa Chiisana Hikari no Youna | Harebare Fanfare | Bass Slut (Original Mix) | Sore wa Chiisana Hikari no Youna (TV Size) | Kimi no Hana (TV size) | Orange (GoldenWolf Edit) | Future Son | Sawakaze (TV Size) | Caffeine Fighter | Hitorigoto -TV MIX- | Sore wa Chiisana Hikari no Youna (TV Size) | Shuriken School (TV Size) | Natsukoi Hanabi | Some Kind Of Magic (Feat. MYZICA) | you | Koi Kou Enishi"
11,112,902,Legendary Maps (16683) | ` (Legend) (337) | DREAM PASSES (4014) | Nostalgia (15972) | ~~~osu famous bmap (6062),Can't Defeat Airman | The Big Black | IMAGE -MATERIAL- <Version 0> | Tengaku | furioso melodia | Scarlet Rose | Apparition | Genryuu Kaiko | Rainbow Dash Likes Girls (Stay Gay Pony Girl) | The Big Black | Yomi yori Kikoyu  Koukoku no Tou to Honoo no Shoujo. | Worldwide Choppers | FREEDOM DiVE | Odoru Mizushibuki | Happppy song | RAISE MY SWORD | Road of Resistance | Everything will freeze | Galaxy Collapse | Remote Control
12,170,4781,AR8DT (7335) | dt (7648) | AR8DT-burst/ctrl/stream (4493) | Probar luego (11630) | finger control DT (1312),Night of Fire | Netoge Haijin Sprechchor | Kagachi | Itoshi Kimi wo Mitsuke ni | Floating Darkness | Black Apple | Freestyler | Running in the 90's | 24th Century BOY | Mischievous Function | Leia | Spring Lane ~ Colorful Path | Sky High | perditus paradisus | Daisuke | Night of Feifan Brother | SA.YO.NA.RA. SUPER STAR | She is my wife | THANK YOU FOR PLAYING | Gensou Kidan (Kaguyahime+Mikotonori Ver.)
13,117,1736,metal (8636) | metal streams (6178) | Metal stream 200+ bpm (5359) | Metal Songs (4617) | zone NM stream (4504),And Plague Flowers The Kaleidoscope | Libera (Part I) - Saturnine Spheres | Of Petrichor Weaves Black Noise | FN .380 ACP#19074 | Oak | Of Tesseractual Gateways and the Grand Duplicity of Xhul | Forget Not | Libera | Blacker Than | In Putris Stagnum | Once upon a Time... / There's No Place Like Home | The Sun  The Moon  The Star | Cellar of Ghosts | Abadon | Winter Madness | Dancing so madly  I'm reaching for the scarlet moon. | Worms of Soul | Arrival. The Meuse-Argonne | The Prelude To Bereavement | Devour Me  Colossus (Part I): Blackholes
14,140,1494,hd2 (2688) | (2) HD2 (5368) | Practice - HD2 (1526) | HD2 (6449) | Practice - HD2 (15103),Blood Drain -Again- | E? Aa  sou. | stlaeria | Izayoi Sakura | Maze of Vapor (Brutal Core mix) | Silver Orbit | BOOZEHOUND | still alive | Hitori no Yoru | Spirit!! | chameleon | Big Brother | Towa no Maigo | Flying High (DJ Splash Remix) | EDEN | u/n | Final Answer | Zi You Sheng Guang | A-TO-Z | Genjutsu no Crossroad
15,162,1164,NM consistency (3187) | NM Farm: 500-600+ (13772) | 1 AURA generic (18979) | Nomod / HD (837) | 500pp (10801),"Little Cry Baby | My Sweet Maiden | AugoEidEs | Snow Drive(01.23) | Kegare Naki Yume | Suikyou HEAVEN! | Top of the ""M"" | SURVIVE | I thought I was an angel | Zutto Summer de Koishiteru | Angreifer | Hoshi o Kakeru Adventure ~ we are forever friends! ~ [Long ver.] | Happppy song | Ringing Bloom | Hades: The rise | Tenohira de odoru | Lost In Time | FLYING OUT TO THE SKY (covered by Nanahira  moimoi  Nana Takahashi) | Einherjar | Uta"
16,231,11506,old dt (11442) | Masterpieces (3902) | !APPROVED! (15924) | 100 Masterpieces of osu! (15932) | **Every Approved Map** (451),With a Dance Number | Remind | Mythologia's End | Scarlet Rose | Green-Eyed Jealousy | Taketori Hishou | Crimson Belvedere ~ Eastern Dream | The Pretender | Shiroi Yuki no Princess ha ... | Talent Shredder | Kanshou no Matenrou | No 39 | Just Awake | Yuune Zekka  Ryouran no Sai | God only knows -Secrets of the Goddess- | Happy End of the World | Wahrheit | Redstar | Blue Night | YuYu Metal
17,41,289,BPM 170-179 (228) | BPM 170-179 (3607) | BPM 170-179 (4961) | o!c - gowon - BPM 170-179 (13296) | BPM 170-179 (13645),The Race | Infernoplex | The Flight Of The Bumble Bee | Frightfully-insane Flan-chan's frightful song | Narcissus At Oasis | Higanbana Daini -Shuusei no Lycoris- | Carrera 911 | Xepher | Tornado | One Life Left to Live | Blessing Snow | Veritas | Ripples (DJ Noriken Remix) | Vampire | Universal Death Squad | DangO-ooooooo | D2 | Symphony Of The Night | Lucid | masaka IN Nightmare!
18,199,3086,1 [NM3] (13685) | 1. NM3 (13085) | NM3 (18937) | { NM 3 } (5873) | alt (10329),Autoscopy | OPEN THE WORLDS | N.M.W | Rampage | Resist | Konkai no Soudou ni Tsukimashite. | Zinger Ringer Gang Love | i | PUMPIN' JUMPIN' | Kirei na Sankaku  Asahi Ningen | Irodoru Natsu no Koi Hanabi (Full Version) | Sacrifice | NONSENSE | Nemureru Mori no Shoujo | Kouzen no Himitsu | Imitator | Otoshimae | Koe | AIN'T NOTHIN' LIKE A FUNKY BEAT | Under The Moon  Adolesecence
19,33,296,BPM 180-189 (81) | BPM 180-189 (3608) | BPM 180-189 (4108) | BPM 180-189 (7368) | o!c - gowon - BPM 180-189 (13297),Ashes of the dawn | PUMP | Kakusei -Fractional Vision- | Sakura Mirage (Extended Mix) | Loco | Smoki i gole baby | Anhedonia | Crystal World ~Fracture~ | Endless Story (TV Size) | Lexus cyanixs | RAISE MY SWORD (TV Size) | Grant Kirkhope Collection | Power Failure 30th June 2001 | Shinobi Renka | Nijigen Dream Fever | squartatrice | Higurashi Moratorium | Sheriruth | Starchild | Furisodation (DJ HKT's bootleg MIX)
20,64,800,Jump Practice (3061) | o!c - Adriiiiii - 7~*+ Unranked Aim Pack by Skill (7014) | jump training (2533) | Aim (11724) | ~7 star+ Unranked Aim (4087),Rock-Mode (Sped Up Ver.) | Age of Reason (Speed up Ver.) | Masshiro na Katsu | About me | Mono Crossroad (Speed Up Ver.) | This herbal tea helps the heart dance | RERE | Fubuki (Speed Up Ver.) | Born For This (Speed Up Ver.) | Glorious morning | Junshin Always | A Fake  Fake  Psychotropic | Chop Suey! | Queer Recovery Club | adrenaline!!! | Tsukinami (Speed Up Ver.) | Ghost Rule (feat. DECO*27) | Akari no Arika | Sentimental Skyscraper (Speed Up Ver.) | The World's End off vocal ver.
21,88,401,tecnica (14489) | hmm (4174) | -  Nm stream farm (12386) | #B | Stream Farm 200-240 (5906) | 2 - stream shred (6648),Yomi yori Kikoyu  Koukoku no Tou to Honoo no Shoujo. | rog-unlimitation | Angreifer | FREEDOM DiVE [METAL DIMENSIONS] | Everything will freeze | The Deceit | Elements & Tale of Fire | March of War / Axe of Judgement | A Dark Omen | FREEDOM DiVE | HONESTY | Sorochinskaya Yarmarka | Victims of Contingency | My Heart Will Go On | A Dark Omen | FN .380 ACP#19074 | FREEDOM DiVE | Glorious Crown | Glorious Crown | Shinbatsu o Tadori Kyoukotsu ni Itaru
22,62,540,khz method (2788) | -- Death Stream  (9236) | stream practice (1911) | stream practice (6155) | 热手/Long Stream (11434),Long Stream Practice Maps | Long Stream Practice Maps | Long Stream Practice Maps | Long Stream Practice Maps | Long Stream Practice Maps 2 | Long Stream Practice Maps 2 | Long Stream Practice Maps | Long Stream Practice Maps 2 | Long Stream Practice Maps 2 | Long Stream Practice Maps | Long Stream Practice Maps 2 | Long Stream Practice Maps 2 | Stream Practice Maps | Stream Practice Maps | Stream Practice Maps | Stream Practice Maps | Stream Practice Maps | Stream Practice Maps | Stream Practice Maps | Stream Practice Maps
23,178,7109,zfynt nm goods (9288) | 0NM (9224) | bangers for sav (9025) | Ranked No Mod (11091) | hard (16811),1001 Arabian Nights | Judas (Cut Ver.) | Moves Like Jagger ft. Christina Aguilera | Fire Burning | Beggin' On Your Knees | Dance Number o Tomo ni | Baby (TV Size) | Shut Up and Dance | Bumble Bee | Blimp | I Like to Move It (Cut Ver.) | Armed and Ready | Shine | Club Can't Handle Me | Alive and Unwell (Sped Up Ver.) | Good Time | I Love You (Sped Up Ver.) | Down (TV Size) | Din Don Dan | Fireball ft. John Ryan
24,80,514,300PP (10121) | 300PP (6262) | <farm> (15730) | FarmShort (5238) | 5 | farm (212),Shounen Ripples | Chicago | Pekorap Tropical House Remix | Take me to the top | GET BACK | Lonely Go! (TV Size) | Super Driver | Can Do (TV Size) | Black Rover (TV Size) | Utsuroi (Short Ver.) | Amakakeru Hoshi TV ver. | EVERYBODY DO THE FLOP (Cut Ver.) | Gravitation (TV Size) | Happy! Lucky! Dochy! (TV Size) | 5150 | Sora ni Utaeba | My Sweet Maiden (TV-size) | No title | ChuChu Lovely MuniMuni MuraMura PrinPrin Boron Nururu ReroRero (Chiptune Cover) | Zettai Tokken Shuchou Shimasu! Hoshi Syoko Solo Remix
25,90,181,stream (11830) | 600PP / Stream / Farm (10902) | flowaim (11831) | flow pp farm (13975) | strims (16783),Sunless Dawn | Night of Winterlight | The Frozen Land | A Voice In The Dark | Master Of Peace | Infernus Ad Astra / Rise Of The Chaos Wizards | RAISE MY SWORD | Glory Days | WINGS OF JUSTICE | Songs Compilation | Mynarco Addiction | HEAVENLY PUNISHMENT | REASON | Sidetracked Day | Legend of Millennium | ULTIMATE SACRIFICE | HONESTY | Kikaijikake no Kami | Dawn of the Dragonstar | Blue Zenith (Cut Ver.)
26,42,322,BPM 240-249 (4099) | BPM 240-249 (87) | BPM 240-249 (2992) | BPM 240-249 (436) | #BPM 240 - 249 (10878),Apparition | Salieri Strikes Back | Yotogibanashi no Kamikakushi | Awakening | Warpledge | Cthulhu Wedding | NANO DEATH!!!!! | The Forgiven | Taihen na Mono no Shoushitsu | FREEDMAN | Hatsune Miku no Shoushitsu | NANO DEATH!!!!! | Everything will freeze | Everything will freeze | Frozen Gear | Horadric Cube | Outburst | Turkish March (Mozart Cover) | Bon Appetit S (Oldskool HappyHardcore Remix) (Short Ver.) | Nostalgic Blood of the Strife
27,61,977,"Niveau 6 (4,5*/5*) (17271) | [Style] Speed / Tapping (17261) | [Style] Tech Map (17263) |   -> FC (17234) | Niveau 5 (4*/4,5*) (17270)",LAND OF FIRE | I Hate You I Love You | No Limit RED Force (Game Ver.) | MiKUSABBATH (2020mix) | SKILLAWAKE | Los! Los! Los! | VANITAS | Blood on the EDGE (TV Size) | Touchuu Aika | DAI*TAN SENSATION feat. Nanahira  Mii  Aitsuki Nakuru (Short Ver.) | Start Again (Lexurus & Dualistic Remix) | Monodrama | Better Off Dead (Cut Ver.) | he loves me  he loves me not | WATER BLUE NEW WORLD (TV Size) | Fuwa Fuwa Time (TV Size) | On My Way | erase u (sped up & cut ver.) | hide n seek | BLACK MEMORY
28,36,427,BPM 200-209 (14417) | BPM 200-209 (231) | BPM 200-209 (4095) | BPM 200-209 (4964) | BPM 200-209 (8873),Fantastic Speed | htineZ eulB | Defenders of Bu-Tik Palace | mo-ko-mo-core | Dreamin' attraction!! | LittlE HearTs | boi zenith | My Heart Will Go On (Celine Dion cover) | Vanitas | NEO TREASON | Go Beyond!! (Extended RRVer.) | Hyper LATiON | The Whisper Of Ancient Rocks | Pandemonium | Cosmic Cortex | Inside The Winter Storm | 1950 | Wizdomiot (extended ver.) | The Silent Life | Immortal saga - Again
29,131,2661,Intro DT (4382) |  DT Fundamentals (7215) | DT (4782) | TILL BOT DT (11084) | personal best (5474),Natsu no Hi (Short Ver.) | Anthem Short Version | Cupid Review | Nanairo*Namida -TV Edit- | Blue Field | Addicted To You | Setting Sail  Coming Home | Passcode 4854 -TV edit- | GO Love&Peace | Fekete feher | Aoi Shiori | Dear My Friend -Mada Minu Mirai e- (TV size) | Sawakaze (TV Size) | I Did It For Love | and I'm home | Passcode 4854 -TV edit- | Step Off Playa | Harenohi Step short ver. | Poker Face (TV Size) | Mata Ashita
30,101,3198,AimSlop (16477) |                  slopisko (16935) | ZZZEFARM (17051) | karomi crashout (16524) | aim slop (18090),Title Screen | Unstoppable | Bike Chase | Songs Compilation VI | Unstoppable | Unstoppable | erase u (sped up & cut ver.) | erase u (sped up & cut ver.) | Favorite Liar (Cut Ver.) | Songs Compilation VI | erase u (sped up & cut ver.) | Favorite Liar (Cut Ver.) | my love life needs a lobotomy | Favorite Liar (Cut Ver.) | RuLe | Unstoppable | ANTIDOTE | my love life needs a lobotomy | Song That Might Play When You Fight Sans | Bike Chase
31,175,2009,rhythm sheesh (5485) | Fingercontrol / Gimmick? (4277) | 1 [NM6 rhythm] (13710) | Fingercontrol / Reading (835) | >3alt: rhythm (13893),VANGUARD-1 | minefield surfing | SPUTNIK-3 | breathe | piano x forte | live on kaeps | Koigokoro | Grin | Asteroid Field of DECAPLETS | Event Horizon | Unidentified Frequency Op.1 (Type-Adamski) Demo | SPUTNIK-4 | VOSTOK-6 | SPUTNIK-6 | d e a t h p i a n o ~for four pianos~ | Gameset | elegante | Happy Synthesizer | The eve of epokhe | G.O.A.T.
32,137,2527,1 [NM1] (13683) | nm1 (11057) | 1. NM1 (13087) | NM1 (18935) | NM1: Generic Aim (7042),confidence driver | Kimeta yo Hand in Hand | Osanadachi | Seven Doors | Shuuen Requiem | Buta Musou | Storyteller | Sakebe | Uso No Hibana | ZEAL of proud | Owaranai Marionette | Unhappy Refrain | Danzai no Solitude | Marionette no Kairaku | Art as Heart | Can Do | Thrilling One Way | Thrill  Risk  Heartless | ID | Kuruizake Setsugetsuka
33,260,3918,Aim (7137) | Jumps (2505) | LLAMPS/AIM (2448) | NM fast jumps (4868) | o!c - Azra - ~❁ Aim (3725),Bring The Madness (Noisestorm Nightcore Remix) | Holdin' On (Skrillex and Nero Remix) | Sakura no Zenya (Speed Up Ver.) | Yume Chizu (Speed Up Ver.) | Monochrome Butterfly | Dead To Me (feat. Lox Chatterbox) | Lyoshka | Routine | Break Them (feat. Anna Yvette) | Anarchy Road | Nyan Nyan Drive (D: | Bang Bang | -ERROR | Maradjatok Gyerekek feat. Ecku | Routine | Mesen | Lone Digger | Warriors | Forward | AugoEidEs
34,38,380,BPM 190-199 (3609) | BPM 190-199 (6328) | BPM 190-199 (230) | BPM 190-199 (4963) | BPM 190-199 (18484),AMORE | Discord | Beneath The Crimson Vaults Of Cydonia | Angelic Party | The Tome Of Broken Souls | Folktales Princess | Blue osu! | Just Awake | Rokujuu Nenme no Shinsoku Saiban ~ Rapidity is a justice | Defenders | Amore | Halcyon (Full Ver.) | You May Not Want To Hear This But | Shounen A | Happening diary (K.P's SHIT Mixed) | Kyouran Hey Kids!! (Sped Up Ver.) | concon | Halcyon | Supernova | Chin Cheng Hanji (Intro Ver.)
35,137,1018,|| breakcore || (6307) | stream(retina) (1189) | goreshit mapit (5066) | Stamina (4710) | dedo control (2445),there are no angels here. | She Runs | benzo (with me eternal) | fleshbound | burn this moment into the retina of my eye | burn this moment into the retina of my eye | i love you more each time you die | Boogie | game over. | come find me | Kislorod | o'er the flood | o'er the flood | the pain of relief (we have our vices one and all) | looming shadow of a tree long gone | MATZcore | xenobeat | semantic compositions on death and its meaning | Figue Folle | chipscape
36,118,1968,NM2 (5299) | o!c - Junjou - NM2 (14005) | >NM2< (4307) | BBD - NM2 (5024) | o!c | NM2 (15863),Densetsu no Sabori Gami ~ Make a quick escape | Oborozuki Oou Kumo wo mo Sakinu | Halloween Candystore | INEXPERIENCE | Romanesque | Vortex | Forsaken City (Sever the Skyline Mix) | Primal scream | Fuujin Shoujo | Native file | Meikai Kikou | The Apocalypse | endtime | Final Revenge | ha@ppy s@mmer v@c@tion!! (Long ver.) | Oo warera yorokobi tataubeshi  shu yo | Dreamin' Attraction!! (2020 Remaster) | Twilight Of The Thunder God | Pantheon of Forsaken Gods | Tarot
37,122,2816,- * # TieBreakers (18029) | 6. TB (13091) | { TB } (5611) | [TB] (18451) | tb (9621),Kizan | ArchangeL | Waking Shadows feat. eili | 21st | EXXTRA JUDGEMENT | Divine Ordeal | Chosun | escape (the looking-glass  and what alice found there) | Firmament [feat. blaxervant] | ADHD | Sirius | Valley of Voices | Robot Stop | SOUND ARCHITECT | Duplicity Shade (feat. Sennzai) | Where the Spirits Go On | Endverse | MALEVOLENT VORTEX | Wisps of Nifl | OOPARTS
38,39,260,BPM 160-169 (4960) | BPM 160-169 (897) | o!c - gowon - BPM 160-169 (13024) | BPM 160-169 (18481) | BPM 160-169 (7366),Last Man Stands | Ludicrous Speed | Ummei no Dark Side -Rolling Gothic mix | [MLP FiM] Flutterbat Boss Battle Theme | Music Revolver | H.O.W.Ling | Thunder Light | Classic Style | NEW Astronomas | Red Zone | Green-Eyed Jealousy | Eternal Wind | erebus | Northwest Passage | Kensei | Dolls Garden | Chambarising | Shoot ten Dozy | Kyoai | Garasu no Kairou
39,46,215,BPM 250-259 (2993) | BPM 250-259 (236) | BPM 250-259 (88) | BPM 250-259 (4100) | BPM 250-259 (18490),Those Who from the Heavens Came | Goodbye | Into the Void | Blastix Riotz | Ankoku no Jyoukaku ni Shinkou Saru Igyou no Kyouki | The Battle of Lil' Slugger (Ch 1 Boss Extended Cut) | Assasin | Destroyer | Ala ruoki niita sorsia! | Stardust | EX-Termination | Ducks Whomst From The Heavens Came | The Deceit | ErAseRmoToR maXimUM | The Deceit | Dash Hopes 2 | ErAseRmoToR maXimUM | The Deceit / The Violation | The Deceit / The Violation | Forgotten
40,144,2341,5-6 Star Consistency Farm (1502) | - Consistenc and flow aim (3285) | ^farm (long) (2028) | mrekk 1k (6812) | Consistency (15235),UNION!! | Sunglow | Tsukinami | Tsukinami | Remote Control | Songs Compilation IV | Kakurenbo | Colors Power ni Omakasero! | Songs Compilation IV | Colors Power ni Omakasero! | Nagareboshi | Colors Power ni Omakasero! | Colors Power ni Omakasero! | Not For Sale Fossil | One In A Billion | KIZUNA MUSIC | Sunglow | Light Delight | One In A Billion | Not For Sale Fossil
41,85,1967,GranDSenpai aim (4903) | AIM  (6474) | Aim pack (9241) | aim (14750) | aim (6438),Kigurumi Sungeki | StaRt | The Piercing Moonlight | Rebellion | Ai wa fushicho no yo ni | Envy Baby | Unwelcome School | Jet Rocket | The Watchers | Recall THE END | Iyana Wotsukai | Kaikai Kitan | OVER THE TOP (TV Size) | Starboy x Survive - Stranger Boy | Blood on the EDGE | My Brother (Definitive Version) | Danzai no Solitude | terminus//runtimes | Dilemma | tree (Sped Up Ver.)
42,122,1742,1 [NM5] (13687) | NM5 (18939) | Control (13725) | фингер контроль (10573) | Speed/Stamina pack (5617),xenobeat | LIN NE KRO NE feat. lasah | Lolit Speed (Cut Ver.) | ultimer | Temptation | Noise Of Yandere | Absolute Smakatrosmic | i hope you ejaculate inside me | Call me with you | slavik goblins | Stomp to my pigs | One Second | Too Sweet | Onslaught of the Covenant | Code Name: Foxtrot | Behind The Wall Of Apathy | charlotte aux framboises (feat. mami) | Say So | Blastix Riotz | Samurai Annihilate!!
43,93,695,500pp (11752) | 500pp (10868) | HDDT FC (7537) | dt+ (12075) | #HDDT 600+pp (6926),Dandelion | SAVE (Encore) | Dakara  Hitori ja Nai (TV Size) | Mr.Downer | Idola no Circus | I'll Sleep When I'm Dead | Horrible Kids | Yubi Bouenkyou ~Anime-ban~ | Get Jinxed | EVERYBODY DO THE FLOP (Cut Ver.) | Haru Urara  Kimi to Sakihokoru (TV Size) | Koi no Hime Hime Pettanko | Kanpeki Gu~no ne (TV Size) | Dear Brave (TV Size) | CHEER UP | Snow Halation (feat. BeasttrollMC) | Sakura Mitsutsuki | Fire (feat. Max Marshall) | Simarik | Kako ni Torawarete Iru
44,45,400,BPM 220-229 (6886) | BPM 220-229 (4097) | BPM 220-229 (2990) | BPM 220-229 (18487) | [STREAMS] 220-229 bpm (1031),In Putris Stagnum | March of War / Axe of Judgement | Yomi yori Kikoyu  Koukoku no Tou to Honoo no Shoujo | Yomi yori Kikoyu  Koukoku no Tou to Honoo no Shoujo. (Ringtone Size) | chipscape | XyHATTE | Ingaritsu No Togabito  Kyoukaimen-Jou No Unmei. | Astral Empire | Desert Planet | She Runs | The Prelude To Bereavement | rog-unlimitation | GHOST | 1k core | fake me (samfree's Science Adventure Dance Remix) (Sped Up Ver.) | Haishita Shoujo wa  Haiyoru Konton to Kaikousu. | rog-limitation | Lapfoxed Forever | Ring of Fire | Heterochromia Iridis
45,101,409,speed2 (17211) | 9* or close (12621) | stream farm jitty (9188) | HR stream (16927) | Walter Weiss (10255),Glory Days | Lionheart | end of a life (Holo Bass Remix) | 10 Things I Hate About You (Sped Up & Cut Ver.) | Already Disappeared | Dawn of the Dragonstar | Life Sux (Sped Up Ver.) | Twinkle Twinkle (Sped Up & Cut Ver.) | We Got It (feat. Rothwell) | Xevel | Juvenile | Ange du Blanc Pur | Louder than steel | DROPOUT!? | Valley of the Vale | Yami no Mahou Shoujo | Ashes of the Dawn | BLACK or WHITE? | Sidetracked Day (Short Ver.) | Tower Of Heaven (You Are Slaves)
46,113,1075,speed jhone (18279) | dt dedo (11381) | ###Speed DT (12673) | 150 BPM (16686) |  - DT Tapping! (15846),System Sun | Trio Cup | Eiji Kuinbii | LOVE BOMB | Tower Of Heaven (You Are Slaves) | Endless night | Midnight Siege | TWEEKER | w/WWW feat. Hoshimiya Toto | Omoi ga Rekishi ni Kawaru Toki | Unmei no Dark Side -Rolling Gothic mix | Kowareta Unmei o Tsumuide | Crimsonic dimension | Twinkle Twinkle (Sped Up & Cut Ver.) | Zouka de Arou to Shita Mono | Life Sux (Sped Up Ver.) | Juvenile | SLoWMoTIoN | Be Happy* | Asu no Yozora Shoukaihan
47,168,2966,Meowscarada TECH (12366) | * Slideraim (18142) |   NM4 (9029) | Slider Tech (13950) | Tech (15738),Mertvetsy | ILLEGAL LEGACY | Inner Circle | Heathens (Magnetude Bootleg) | Codename | Doku | Night Ride | Desert | used to it | Wa Yoderi | GRAVITON | Inceptionism | Transhumanist | Rebellion | Hesperos | 4884 | Flux | Delirium | Beast (Vorso Remix) | RAMSING
48,127,5217,5 minute maps compilation (1458) | - !TIEBREAKER (19091) | [TB1] (4613) |  6 Tiebreaker (5010) | 6 [TB ALL] (13703),Retrospective Kyoto ~ Japanese Beautiful Barrage | Youyou Bakko ~ Who done it!!! | Furuki Yuanxian | Necrofantasia ~ Remix | Kagayaku Hari no Kobito-zoku ~ Counter-Attack of the Weak | Plastic Mind ~ Alice in Underground | Eastern Dream ~ The Introduction / Kamisabita Kosenjou ~ Suwa Foughten Field | Yumeshoushitsu ~ Lost Dream | Fall of Fall ~ The Door Into Summer | Himegami Matara ~ Four seasons where Starless disappeared. | Shinkirou | Youyoumu ~ The Woman Who Sold the Moon | Fall of Fall ~ The Door Into Summer | Rigid Paradise ~ Dawn of the Dead | Pure Furies ~ Vengeance is Mine | A Sugar Business | 'Thema of Curtain Fire Shooters' -History 3/3- | Kid's Festival ~ Innocent Treasures | Haruiro Komichi ~ Rest In Peace  Saith The Lord. | Secret Desire - Dyes Remix -
49,104,1770,240 BPM (14789) |                    FLHT (17737) | 240 BPM (16695) | [B] Speed (18267) | POG FLOW  AIM (15685),Jashin no Konrei  Gi wa Ai to Shiru. | Pain Remains II: After All I've Done  I'll Disappear | Mit Gott fuer Koenig und Vaterland | Alice In Wonderland (feat. UX) | Glass Phantoms | A Tale Of Salt And Light | Astral Empire | Don't Tread on Me (Harlem Hellfighters) | Nordlys | March Of War / Axe Of Judgement | Forgotten Kings | The Spiritual Relief | Ingaritsu No Togabito  Kyoukaimen-Jou No Unmei. | The Left Hand Path | The Whisper Of Ancient Rocks | Haishita Shoujo wa  Haiyoru Konton to Kaikousu. | Mortal Shells | Symbol I : Fire (Cityyy Remix) | Burning Heart | Snow-Sleep
50,53,421,I love dragonforce  (8614) | 17-DragonForce (13865) | DF (14567) | Pass DF (11236) | Dragon Force (11751),Valley of the Damned | Operation Ground and Pound | Soldiers of the Wasteland | Above the Winter Moonlight | Revolution Deathsquad | Defenders | Cry for Eternity | The Last Journey Home | Heroes of Our Time | Fallen World | My Spirit Will Go On | Scars of Yesterday | WAR! | Symphony Of The Night | Seasons | Troopers of the Stars | Heart Demolition | Inside the Winter Storm | Symphony of the Night | Extraction Zone
51,169,2701,Density / Low AR (19163) |  LOW AR (AR8 and below) (11580) | a lot of gimmick maps (10393) | !Reading (10450) | Low AR (14302),SUNKiSS <3 DROP ~jun Side~ | MAD HEAD LOVE | faithlessness | Hinarin no Yakui Kankei (Edit ver.) | LAB=01 | B.O.B. (Bombs Over Baghdad) (Cut Ver.) | snow irony_ | Kigurumi Sungeki | Chaoz Japan | Millennia | Made of Fire | Lovely Icecream Princess Sweetie | Spirit!! | Otomegokoro x Kyokuchuuhatto -dandara shooting MIX- | Shoujo ga Mita Nihon no Genfuukei | Levitating | Ryoushi no Umi no Lindwurm | Mayday | Mr. Coffee | SigSig
52,112,402,300Pp Farm HD  (1273) | Doable 600pp (8700) | pp 300+ (2790) | 200 pp able (16521) | 700pp (14111),Happy Time wa Owaranai | Ame to Asphalt | Team Magma & Aqua Leader Battle Theme (Unofficial) | Yubi Bouenkyou (TV Size) | AaAaAaAAaAaAAa | HIKARI (TV Size) | Ai no Sukima | One by One | Kira Kira Days (Cut Ver.) | V (TV Size) | Start Again | Imagination (TV Size) | Kani*Do-Luck! (TV Size) | Monochrome Butterfly | No pain  No game (TV Size) | MIIRO vs. Ai no Scenario | Responsibility Response | Star light  Star bright (TV Size) | Black Rover (TV Size) | Totsugeki Rock
53,102,1920,!!!HIGH BPM!!! (6835) | ю жим подольше (10680) | eternum's speed/stamina collection (922) | [A] [1] aSTAMINA (15412) | NM STAMINA (10473),Cuntcrusher | Assailant in the Night | Storms of Ages | Ages Die | Exterminate The Liberated | Circo Inhumanitas | Darkest Spawn | Opus Brahmanic | Immortal | Inadequate/Servant Of This Sentience | Hell | Abysm Nucleus | The Legend of the Rent is Way Hardcore | The Imposition | Permitting The Noble Dead To Descend To The Underworld | Castrate The Father Of The Sky/ Titanomachy | Childchewer / Three Bastards | Mammals in Babylon | Mon Dernier Combat | Yami Hukaki Mono
54,588,14729,Aim Control/Tech/Alt/Read (2213) | Tech (3869) | nice maps (3866) | Favorites (5171) | tech/fun to alt (3784),me & u | Start Up feat. Such | true DJ MAG top ranker's song Zenpen (katagiri Remix) | Signal feat. Such | true DJ MAG top ranker's song Zenpen (katagiri Remix) | Humanoid | Jinsei wa Yume Darake | Dizzy (Radio Edit) | REFLECT (Assertive Hardcore Bootleg) | Arigatou Sayonara (PSYQUI Remix) | TRIPLE PLAY | Your voice so... feat. Such | Kan Saete Kuyashiiwa | Day by day (PSYQUI Remix) | Bassline Yatteru? w | Stargazer feat. YUC'e (PSYQUI Remix) | Future Cider | Hype feat. Such | Morning Glow (feat. kradness) | Kan Saete Kuyashiiwa
55,35,185,BPM 270-279 (90) | BPM 270-279 (1616) | BPM 270-279 (4102) | BPM 270-279 (439) | #BPM 270 - 279 (10881),MEGALOMANIA | Palette GAMMA | Delrio | Holy Orders Remix | Painters GAMMA | Mitra | Mad Machine | The Empress | World's end - Millefolium | Sacrifice | Bloodthirsty Nightmare Lullaby / The Empress | The Violation | The Violation | Vertex Delta | Slotcore is Dead | Delrio | Circo Inhumanitas | Sidetracked Day GAMMA | thing | Senseless Massacre
56,97,506,8-10 dt hard (8359) | mrekk 3 mod maps (4826) | chier dans ta génétique (7585) | myangelaosora dt doable (5636) | - HR 400pp (16923),Nagareboshi | Kakurenbo | One In A Billion | Not For Sale Fossil | Stella-rium | Hakkensha wa Watashi | Believe in ourselves | Prima Stella | Brand New Theater! | Dear Brave | Akatsuki Zukuyo | Stella-rium (Asterisk MAKINA Remix) | Sakura no Zenya | Letters to me | STARTRAiN | UNION!! | Sunglow | Colors Power ni Omakasero! | SANTA SAN | Guitar to Kodoku to Aoi Hoshi
57,151,1630,Fingercontrol Maps 5-6* (3568) | - Consistency dnb + remix (19076) | Fingercontrol Maps 5-6* (3205) | DnB Bangers (18519) | !!!!dnb meta (8830),Wings (Nu:Logic Remix) | World's End  Girl's Rondo(Asterisk DnB Remix) | Kimi no Kioku (Aethral Remix) | Fallen Angel (El Poco Maro Remix) | Clarity (feat. Foxes) (kamome sano remix) | Epiphany (feat. Veela) | Rain | The Near Distant Future | Hikouki Gumo (el poco maro DnB EDIT) | monochrome(Asterisk Makina Remix) | Mr. Kill Myself | Fallen Angel (el poco maro Remix) | os-Uchuujin(Asterisk Makina Remix) | Dream Walker | Hold Your Colour | EOS (kamome sano rmx) | Propane Nightmares (Celldweller Remix) | LOVER (el Poco Maro Remix) | Got Me Thinking (feat. Veela) | Won't You Stay
58,97,793,zzxWOOTINGnew (12620) | wooting 6/23/24 (11744) | 14-16k pp (12607) | wooting 3/29/24 (10854) | speed (17210),Enkan no Kotowari | TWEEKER | d.m.c (Band Ver.) | Merry Axe-Mas | Minamichita EVOLVED | Attakain Dakara | Shoujo-tachi no Majogari | Kobito of the Shining Needle ~ Little Princess | croiX | Last Remote - Type gamma | Desire Drive ~ Desire Dream | Deep Sea | snow storm -euphoria- | United (L.A.O.S Remix) | Cinderella Cage -Trancecore Mix- | RUN!RUN!RUN! | Sad spring | Abracadavre | Nippon Manju | reunion <Platinum Long Version>
59,58,1005,C -- Euphoria Type (10466) | Psytrance & Hi-Tech (10889) | - PSY-trancе (6693) | Psytrance/Hitech (10945) | tech stream (15181),Absolute Relative | FireLight (Neokontrol Remix) | Fantastic Speed | We Are Warriors (FLOSSY WAVES Remix) | 4 Aliens At Work | Deep Dream | Awake | Whispers In The Dark | Pachamama (Henrique Camacho Remix) | Take Your Pills | Dead Dreaming | Rhythmic Collapse | Euphoria | Contact Is Made | Paraselene | Tales of Yggdrasil | They Are Coming | Ragga Connection | SYSTEM ERROR | Raggatek Comes (Serious Bot Update)
60,117,684,stream pog (1394) | 1. Spaced (1806) | [T] Stream (15313) | strom (5854) | WARM UP STREAM (4291),Slider | REASON | The Sun  The Moon  The Star | Amore - Aoi Hoshi - | Euphoria | RAISE MY SWORD | Painters of the Tempest (Part II): Triptych Lux | WINGS OF JUSTICE | Ange du Blanc Pur | FireLight (Neokontrol Remix) | Road of Resistance | Genryuu Kaiko | Bad for me (Dz'Xa's Amenpunk) | lullaby (feat. KIRA) (uet Remix) | Forget Not | Master Of Peace | sukisukisukisukisukisukisukisukisukisuki | Ascension to Heaven | Songs Compilation III | HONESTY
61,154,2929,300pp+ (8576) | HDDT 300pp+ (8341) | dt consistancy (1946) | DT AR=9 (12390) | DT (10114),Marshmary | HIKARI (TV Size) | Dakara  Hitori ja Nai (TV Size) | Dandelion | You Suck At Love (Speed Up Ver.) | Bombs away | Sakura Mitsutsuki (TV Size) | On & On (feat. Daniel Levi) (Cut Ver.) | Setsuna Plus | Yume Chizu | ROCK-mode | Wizard's Tower | Best FriendS -TV Size- | Nothing More | Kimeta yo Hand in Hand (TV Size) | dawn (TV Size) | SETI | Idola no Circus | Ao to Natsu | Through My Blood
62,37,985,the oral cigarettes ranke (3370) | THE ORAL CIGARETTES (5477) | ToC o!std (5177) | THE ORAL CIGARETTES (3673) | the oral ciggarettes (2103),S-LOW | Color Tokyo | The Given | LIPS | Tonari Au | Kyouran Hey Kids!! (Sped Up Ver.) | Wagamama de Gomakasanaide | Wagamama de Gomakasanaide | Songs Compilation | Fantasy | Slowly but surely I go on | Fantasy | Slowly but surely I go on | Slowly but surely I go on | Kyouran Hey Kids!! (TV Size) | Kyouran Hey Kids!! (TV Size) | ONE'S AGAIN | Kyouran Hey Kids!! (TV Size) | ONE'S AGAIN | ONE'S AGAIN
63,275,5614,[DT] (19124) | DT Consistency (16114) | DT1 (7740) | [DT] Tournament Maps (485) | DT3: high bpm bursts (7038),Heart of Night | Sins -Kokoro no Tsumi- | Colors -sasakure.UK Futurelogic Remix- | Spitfire | Ma Cherie | Mukau no Sato ~ Deep Mountain | Seisen Spectale | Kishinjou set 07 ~ Magical Storm | Foughten Field | HAELEQUIN | lastendconductor | The Grimoire of Alice | Dahlia | Melody! | Hot Right Now (Radio Edit) | Gamble Rumble | Guardian Angel | Sewing Machine | Boba Beach | Cat Food
64,73,1231,ARLES (15110) | arles/necroh (6621) | Full Arles Collection (4674) | Arles (1871) | Arles (920),TRY UNITE! (aran Remix) | Smiling (Speed Up Ver.) | shounen ripples | Preserved Valkyria | Katayoku no tori | Synesthesia | Dreamin' attraction!! (Extended) | ODDS&ENDS (Speed Up Ver.) | TRY UNITE! (aran Remix) | shounen ripples | Smiling (Speed Up Ver.) | Synesthesia | Azure Sky | ODDS&ENDS (Speed Up Ver.) | Hello world! | L9 | New World | Oceanus | Oceanus | Katayoku no tori
65,209,1496,! COMBINED (15339) | ! aetrna thread (15338) | 2012-17 FCS (16571) | merami thread (15324) | Ranked maps (2016) 6* (1784),Ryokugan no Jealousy | squartatrice vs. disperagioia | Hanairo Biyori | perthed again (yambabom remix) | Lies in Reality | Distorted Lovesong | Oceanus | Sakura Mirage | Escape With The Clouds | Arrival of Tears | Saigo | Electric Love (t+pazolite Overcute Remix) | AMAZING BREAK | The World's End | Gigantic O.T.N | Acid Burst | To The Terminus | Extra Mode | #sawg (Wan Bushi Remix) | King For A Day (feat Kellin Quinn)
66,38,242,BPM 230-239 (4098) | BPM 230-239 (6887) | BPM 230-239 (234) | BPM 230-239 (2991) | BPM 230-239 (18488),Belie The Machine | Archangel | MATZcore | Kanon-Kanon | The Agony | Existence II: Collision | The Skin Thief | The Skin Thief | The Game | Waking Divinity | Bring Back the Plague | Lachryma Re:Queen'M | Lachryma Re:Queen'M | The Agony | Lachryma Re:Queen'M | GHOST (2020 Halloween+++++++++ VIP) | Bon Appetit S (Oldskool HappyHardcore Remix) (Short Ver.) | Houmous | Worms of Soul | The Fool / Thru Our Scars
67,171,2925,- > ctrl (16259) |         Aim control (16286) | Skrowell's Aim control collection (15218) | -! Aim control (13112) | HonBae's Aim Control Collection (8834),Flashes (Hommarju Remix) | Shining Stella | Rapsodie fer za Cacutuses (*'v'*) | Signal feat. Such (Mameyudoufu Remix) | kuuchuubunkai | My Piano is escaping | Burning Star | fffff | Vermillion Nightmare | w/WWW feat. Hoshimiya Toto | Magic Girl !! | Guillaume Tell | ALL MY TURN | Rampage | Humanoid | first death | OTONABLUE | Wormhole | Bookmaker | Native Faith (Eurobeat Mix)
68,299,10154,Easy 6 Digit Farm Maps (17813) | pp (4032) | Farming (1557) | Farm maps (13668) | Farm Maps (3945),Marshmary | Marshmary | Marshmary | Ai no Sukima | Kira Kira Days | Mizuoto to Curtain | Kira Kira Days (Cut Ver.) | Kira Kira Days | Mizuoto to Curtain | Horrible Kids | Kira Kira Days (Cut Ver.) | Horrible Kids | Kira Kira Days | Ai no Sukima | Ai no Sukima | HIKARI (TV Size) | Kira Kira Days | Ai no Sukima | Kira Kira Days | HIKARI (TV Size)
69,308,14554,7-In Portrait: Solo (14898) | 1-Skyscapes (11377) | 7-In Portrait: Group (14897) | 7-In Portrait: duos (14896) | 6-Flowing dresses (14875),Nijiiro | Shelter | Shelter | Nijiiro | Shelter | Sakura  Sakura ~ Japanize Dream... | Victory ~ Theme of Virtue | Artificial Children | Victory ~ Theme of Virtue | Vivo Per Lei (Je Vis Pour Elle) | Artificial Children | Artificial Children | Lovely Day | Monobeno no Uta | Monobeno no Uta | Artificial Children | Dear You [ver. XCEED] | My Soul  Your Beats! (Full ver.) | Monobeno no Uta | Paradise Cage
70,120,1763,>NM4< (4371) | - !NM (19112) | NM4: tech (7045) | . | NM4 // Technical (1227) | o!c - dGeist - finger control (8159),Outer Space | WE ARE *NOT* CURZED | extraterrestrial (Cut Ver.) | Tears | Senkyou | re[in]flaw | Eyes on me feat. Such | VIBRA (Extended Mix) | EZ Mode | B L A C K - R A Y | Heartless being | rE:loaD | Be With U | Hemizorv | Co1ossus | Riot | Enneaquest | SUMMER | Wake Up While Sleeping | Bleary Vagary
71,127,1837,"##6 star + dt (12677) | finger control farm (+300pp, <160bpm, 8-8.5ar) (7607) | DT MY BELOVED (12826) | DT Maps (7922) | dt boss (9372)",Daydream cafe ~Gochuumon wa Cocoa desu ka? ver.~ | sEE NEW THE WORLD  SHE KNEW THE WORLD - CYTOKINE Remix | Sonna Yume wo Mita no ~lonely dreaming girl~ (Remix) | M@STERPIECE | Ondosa | Koigokoro | Ifuudoudou | Kataomoi no Bigaku | Koyoi Index | Your song* | Koi Kou Enishi | Zouka de Arou to Shita Mono | Blooming Lily | silky heart | Songs Compilation | Din Don Dan | Manic | Best FriendS | Hello Zepp | Torinoko City
72,162,2997,- > precision (15376) | { HR 2 } (5878) | HR2 (18945) | 2HR2 (11897) | [ HR ] (11015),One Room Sugar Life | Fenrir of the Blizzard | Ergosphere | Instinct | Tabi to Ferry | Levitation Nation | Citadel | vajra | Onigami | Mutsuki Akari no Yuki | Yokuatsu Sakuran Girl | deltaTime | Daisan no Shinzou | Cirno to Mario no Perfect Sansuu Kyoushitsu | squall | Sacred | The Way we Were | Arcade Love (feat. KNVWN) | Arsene's Bazaar | Wing my Way
73,51,867,[CTRL] Skill / Flux (14350) | [CTRL] Fingers (14346) | [CTRL] Aim (14335) | [CTRL] Flow (14347) | [Reading] Rhythm (14360),Ominous Cross | Dark seeks light (TV Size) | Echoes of Sunfall | freak of nature : start | Desert Theater | Empyrean | DEAR MY WAKER | Cardinal Rave | Dizzolve | Carmina (Extended Mix) | Inkya Impulse | Tic! Tac! Toe! | Lost in the maze | The Dance of Eternity | Nanatsu Myoukakitsubata | Ao no Ichibanboshi | Evil Bubble | DDU-DU DDU-DU | Crescent Sakura | V!rtuaresort
74,161,2178,tech (15299) | tech (12937) | Tech (8619) | Nomod / HD (816) | tech (12935),"M1LLI0N PP | HUG AND KILL | Palace of Melancholia | Tool-Assisted Speedcore (TQBF Frame Advance RMX) | Education | Bookmaker | RPG | GHOST (2020 Halloween+++++++++ VIP) | Hype feat. Such | Possesed By The Blood Moon | THE WORLD REVOLVING (Camellia Remix) | Duplicity Shade (feat. Sennzai) | OOPARTS | Invisible Frenzy (Camellia's ""593: Insanely Fluctuated"" Remix) | I Can Fly In The Universe | Exit This Earth's Atomosphere (Camellia's ''PLANETARY//200STEP'' Remix) | KillerBeast | Never Alone (ReeK's ""Hitorijanai"" Remix) | The Rolling | +ERABY+E CONNEC+10N"
75,47,1750,dt shiiz (9028) | o!c - zfynt - some dt (10742) | 0tricky dt (16265) | 01k (9551) | DT HD farm (11786),Red Line | Your Graduation | Love You Like A Love Song (Cut Ver.) | Akai Ito (Cut Ver.) | Natsu no Uta | Akari no Arika | Chiisana Koi no Uta | Breaking The Habit | conch <cut ver.> | Ao to Natsu | Nightmare (Sped Up & Cut Ver.) | Toki no Ame  Saishuu Sensou | GET BACK | The Amateur Arsonist's Handbook | Yotsuya-san ni Yoroshiku (Cut Ver.) | Ai no Sukima (Cut Ver.) | I Didn't Even Know What To Say (Speed Up Ver.) | Kill Rock 'N Roll | golden hour (cut ver.) | Son of Robot
76,35,853,BPM Practice (243) | BPM Practice (7490) | BPM Practice (18497) | BPM Mixed / Practice sett (1230) | BPM Mixed / Practice sett (3142),osu! ~ Deathstream Compilation | osu! ~ Death Stream Compilation 2 | Spectrum Of Eternity | FREEDOM DiVE | Pandemonium | FREEDOM DiVE | Pandemonium | FREEDOM DiVE | osu! Spaced Stream Compilation | Stream Practice Maps 2 | Stream Practice Maps 2 | osu! Stream Compilation | osu! ~ Deathstream compilation | Stream Practice Maps 2 | Marathon Stream Training | Pandemonium | Stream Practice Maps 2 | Stream Practice Maps 2 | Symphony of the Night | Symphony of the Night
77,292,5066,200-300pp consistency (7446) | fc (7727) | 6. lifeline DT 800pp (7975) |         (HD)DT (7620) | o!c - Lifeline -    (HD)DT (3366),Amy | Sunglow | Honey Come!! | Miraizu feat.Aida Miou(CV:Toyosaki Aki) | The Glory Days | Kimiiro Hanabi -album version- | Sakura no Uta | Contrail ~Kiseki~ (Epsilon Remix) | Endgame | Flamingo (WTN3 Remix) | Till the End | Tsukinami | Dream Walker | Wings of Courage -Sora o Koete- (K@keru Dnb Remix) | Necro Fantasia | Rally Go Round | Storytellers | fantastic dreamer | color | I Bet You'll Forget That Even If You Noticed That
78,33,329,Speed / Stamina (3848) | Casper - BURST/SPEED (10814) | Speed / Stamina (839) | Speed / Stamina (818) | stamina/stream/stream pp (8162),Attention Whore Magic | /a/ | x.U. (ETIA. Hardcore Bootleg Remix) | Elektrick U-Phoria(Extended Mix) | Kegare naki Bara Juuji | Kevlar Skin | Prism Sympathy(Asterisk Remix) | hora de verdad | Winter Diamond | Sugar-Glazed Madness | Staring at star | Starlog(Asterisk Remix) | Winteright | POWA OF DA WILDANES | Yuugen no Ran | Hanikamu Kimi ni Koi Suru Watashi | TRY UNITE! (aran Remix) | Pavor Nocturnus [2015] | Tsubomi (Long Version) | FIN4LE ~Shuushisen no Kanata e~
79,44,350,BPM 210-219 (4096) | BPM 210-219 (7371) | BPM 210-219 (1610) | BPM 210-219 (2989) | BPM210-219 (4777),WE LUV LAMA | What A Horrible Night To Have A Curse | Trip to India | toromi hearts 2 | The Self Surrendered | Fushoku Ressentiment  Fushi Yoku no Sarugakuza. | The Fool | Gekiai no Yobigoe ga Dekiai no Kyougoe wo Kurau | Sky of Twilight | Tout Petit Moineau | Gekiai No Yobigoe Ga Dekiai No Sakebigoe Wo Kurau | The Obsidian Crown Unbound  (Episode: IX) | Victims Of Contingency | Libera | Aoiro Step (Short Ver.) | Hymn | Thunderstruck | burn this moment into the retina of my eye | Miracle 5ympho X | Libera (Part I) - Saturnine Spheres
80,89,2456,Tonehh's Rehab Maps (1503) | rehab (7398) |  Rehabilitation (11326) | Training (3319) | Getting better (2247),Kimi no Shiranai Monogatari | Hana wa Odore ya Irohaniho (TVsize) | Kiritorisen | ambiguous (TV Size ver.) | Kirihirake! Gracie*Star | Bokura wa Ima no Naka de (TV Size) | crossing field (TV Size) | Jet Rocket | Hana wa Odore ya Irohaniho (TVsize) | Hana wa Odore ya Irohaniho (TVsize) | Kimi no Shiranai Monogatari -TV Edit- | Twintail Dreamer! | Kiritorisen | Kiritorisen | rewrite | Kisetsu wa Tsugitsugi Shindeiku -Tokyo Ghoul Root A Edit- | Lovers (TV Size) | Yasashisa no Riyuu | Catch the Moment | 7 -seven- -TV SIZE -
81,75,2303,Marathons (1281) | %long (8301) | Marathon/long maps (3703) | songs compilation (844) | Marathon (4707),Because Maybe! pt. 1 | Because Maybe! pt. 2 | Because Maybe! pt. 3 | osu!memories | This Place Will Grow EP | osu!favourites | Because Maybe! pt. 3 | Alternator Compilation | osu!memories 2 | THE MEDLEY OF POKEMON RGBY+GSC -3PBs- | HUNTER X HUNTER COMPILATION | The Unforgiving | Liquicity Yearmix 2016 | Living Things | Magi Compilation | Yuruyuri Songs Compilation | Visual Novel Songs Compilation | Songs Compilation III | Nico Nico Douga Matenrou | The Devourer of Gods (Nonstop Mix)
82,91,319,Aim DT (7762) | 500pp (14565) | dthd (6651) | Reform (15762) | ####DT 380-550PP (6347),Bass Slut (Original Mix) | chAngE | WONDERFUL WONDER (TV Size) | Cold Green Eyes feat. Roos Denayer | Start Again | Snow Halation (feat. BeasttrollMC) | Natsukoi Hanabi (Sped Up Ver.) | Chikatto Chika Chika | POP/STARS | Dakara  Hitori ja Nai (TV Size) | Rockefeller Street (Nightcore Mix) | Take a Hint feat. Victoria Justice & Elizabeth Gillies (Speed Up Ver.) | Guess Who Is Back (TV Size) | Guinea Pig Bridge | SAVE (Encore) | Harebare Fanfare | Gold Dust | Yume Chizu | Mr.Downer | Marshmary
83,103,247,pp maps with hr (1307) | 400/500 (2164) | NM Farm 400pp+ (6799) | Map overrated(350-470)pp (6899) | 3. 400pp+ (6870),Ringo Uri no Utakata Shoujo | Shirayuki | Sendan Life | Toumei Elegy | From Under Cover (Caught Up In A Love Song) | I Bet You'll Forget That Even If You Noticed That | First Storm -Japanese Version- | Namikare | Flames Within These Black Feathers | My Days | Airman ga Taosenai | Soundscape | Yuudachi no Ribbon | Hades: The rise | BLUE DRAGON | Guilty All The Same (feat. Rakim) | First Storm feat. Hatsune Miku | Ooi [Game Edit] | VIRGIN CODE | ODDS & ENDS
84,76,582,Anne gib mir Skill (11054) | GLORYHAMMER (15283) | ffire (12422) | stamina (6314) | Anne gib mir Tapping (10265),Rise Of The Chaos Wizards | Infernus Ad Astra / Rise Of The Chaos Wizards | The Unicorn Invasion of Dundee | Elektrick U-Phoria(Extended Mix) | The Epic Rage of Furious Thunder | The Unicorn Invasion of Dundee | Epicus Furor / Emerald Sword | RAISE MY SWORD | Above the Winter Moonlight | Stream Practice Maps 2 | WE LUV LAMA | Stream Practice Maps 2 | The Unicorn Invasion of Dundee | HEAVENLY PUNISHMENT | Ashes of the Dawn | Wings of Freedom | AiAe | Twilight Skies | The Rising | Uta
85,72,770,o!c - _Shield - ar8~9 DT finger control (10513) | o!c - _Shield - ar8~9 DT finger control (12391) | bob (14616) | DT : fingercontrol (12805) | - DT Stamina (12583),dahaca | Ma Cherie | ruriair | Justice Monster | milky ice bear | Ghosts Play to the Audience | Grin | death(from stupefaction) | dreamenddischarger | SOLID STATE SQUAD | elegante | Shuumatsu no Bishou | EXISTENCE | White Happy | Cristalisia | Presto | Flowering Night (Instrumental) | Eientewi set 06 ~ Plain Asia | Ferris' Sand Canyon | RE-OVERDOSE
86,64,731,BPM 150-159 (78) | BPM 150-159 (7365) | BPM 150-159 (2983) | [BPM] 150-159 (14720) | BPM 140-149 (77),Seeker | Red Sign | Fools of Damnation | AA | Batty (Extended) | V2 | Misplaced Shadow | You | Dance Away | Fairy Wars Symphony | Rivals | HOLY KNIGHT | Gekkou | Shining Wizard | Tenkuu no Yoake | Euphorium | F | ALBA | Bajo mi piel | Midnight Siege
87,70,672,Bangers (1362) | stream (8835) | Bursts - Streams (15234) | techno (6504) | .mm good song_0 (14393),United (L.A.O.S Remix) | Valley of the Damned | HEAVENLY PUNISHMENT | Stella-rium (Asterisk MAKINA Remix) | The Pretender | Mou Ii kai? | Be My Friend (TV Size) | Galaxy Collapse | Minamo no Sakura  Yume wa Sakayume | Louder than steel | Omoide Shiritori | filament | Feelin Sky | I.F. | I Love You | Genryuu Kaiko | DRAGON FORCE | Flower Dance | Storytellers | Waldschrein
88,97,5776,Ranked maps (2009) Part 1 (8054) | Ranked maps (2009) Part 2 (8059) | Anime (2009) (14295) | 2009 volume 2 (1447) | 2009 volume 3 (1448),Plug Out | Kumikyoku 'Lucky Star Douga' | White Lotus... | Yoiyami no Tsuki ni Dakarete | Shinkai no Kodoku (TV Size) | Justice to Believe | Kumikyoku | Tsubasa wo Kudasai (K-ON! ver.) | Ghostly Eyes | Tsubasa wo Kudasai (K-ON! ver.) | I Know Where You Sleep | Futari no Yakusoku (TV size) | Withered Leaf (Instrumental) | Candy Line | Futari no Yakusoku (TV size) | Withered Leaf (Instrumental) | Trust | Red Fraction | Boundary of Space | Heart To Heart
89,108,275,Consistency (7139) | ####NM 350-420PP (6349) | hr maps (400-600pp) (2729) | 350-399 +NM (6106) | !fc (8670),Waldschrein | New World | Shoujo Satori ~ Innumerable Eyes | I Bet You'll Forget That Even If You Noticed That | Yume no Tsubomi | Ray | MariannE | SANTA SAN | Asu no Yozora Shoukaihan | Ginza vs Ginza | From Under Cover (Caught Up In A Love Song) | The Self Surrendered | utopia | Dark Flight Dreamer | HELL! or HELL? | -ELIS- | First Storm -Japanese Version- | Guitar to Kodoku to Aoi Hoshi | Unhappy End World | Stella-rium (Asterisk MAKINA Remix)
90,27,744,Stream (14725) | o!c - KyraOoflet78 - STREAM (8012) | !stream (4597) |   Streams n shi (14031) | STREAM (1430),Mondfinsternis | Brutal Rush | Salamander | - Mei - Thanatos remix - | Easy Breezy / Eurobeat Remix | Blut Im Auge (Acoustic Version - Sagas) | The Age of Starlight Ends | Scourge of The Universe | Fushoku rusanchiman  fushi yoku no saru rakuza. | Seishin No Kairi No  Sakebi To Nageki. | Pyrrhic | uen | La voix du sang | The Devil | A New Era | Kaire! Setsugekka (Kaite and Bass Remix) | Hades:The end | Come With Me To The Other Side | Dancing like Nyanpasu | Passages
91,29,536,2007 (12511) | 2007 (852) | Ranked maps (2007) 2* (1490) | 2007-10 osu maps (11043) | 2007-11 osu maps (11044),Scatman | Shichiten Hakki * Shijou Shugi | DISCO PRINCE | AM11:00 | Fall Memories | Cosmos Pop | Nagareboshi ~Shooting Star~ | Final Fantasy 5 ROBOVoice OC ReMix | Pump me Amadeus | Just Communication | Tornado (Long Juan Feng) | Hitotoshite Jiku ga Bureteiru | Sunday Morning | Hit in the USA | Dreams | You Only Live Once | Emergency | Hey Now Now | Hana Maru Sensation | Timebomb
92,98,2532,W songs (12933) | my favorite maps :) (11221) | o!c - goblinlit - o!c - goblinlit - W songs (14744) | W sets (14020) | goblinlit tourney (13998),Little Knight | The Search | M1LLI0N PP | Tornado (Original Mix) | Gunjou Infinity (Cut Ver.) | Promised Love ~Daisuki x 100~ | Anyone Out There | Anyone Out There | Ghost | Full Flavor | Passcode 4854 -TV edit- | Rarin - GTA (Official Lyric Video) | Empty | Industry Baby vs. E.T. Mashup | Computer Boy | Setting Sail  Coming Home | Fata Morgana | STAR WALKIN' | Stronger | Stronger
93,109,3918,farm slop (18181) | [grind] streams (18479) | 190 BPM (16690) | speed  (18511) |            Stream (18388),Tenkai e no Kippu | Necrofantasia ~ Remix | Higan Kikou ~ View of The River Styx | Shikkoku no Shogun Regius | Saint Catastrophe | Avalon | Kuroiuta (Cityyy Remix) | Ready To Die Between Stars | The Fires Ignite | Get on the Tailwind | Judgement Day | Sayonara | Hollow | The Whisper Of Ancient Rocks | Arkadia | Black Berserker | Ki ga Kurutta Noise | look at me tenderly | Aragami (Short Ver.) | Sukitte hyatt kai itte (feat. Hatsune Miku)
94,167,2408,stream  (12209) | Stream (1893) |  #12 stages of ninerik (8220) | 5streamspam (6940) | stream (4031),HONESTY | Sidetracked Day | Road of Resistance | Victims of Contingency | EYES OF DEVILELIET | Valley of the Damned | FREEDOM DiVE [METAL DIMENSIONS] | Louder than steel | Sidetracked Day (Short Ver.) | Tower Of Heaven (You Are Slaves) | Ashes of the Dawn | Ange du Blanc Pur | Xevel | Yomi yori Kikoyu  Koukoku no Tou to Honoo no Shoujo | Louder than steel | Chinurareta Shuren ni Fukeru Houmura | Shinbatsu o Tadori Kyoukotsu ni Itaru | Everything will freeze | Kanjou no Matenrou ~ World's End | d.m.c (Band Ver.)
95,57,956,![love]楽しい (16212) | ![love]曲好き (16213) | ![love]むずたのしい (15196) | ![Map genre] Aim Control (15198) | ![Map genre]  Alt (15597),Ongaku -resolve- | Yosakura Fubuki | Butterfly Twist | Kyoumen no Nami (Jun Kuroda Bootleg Remix) | Koufukuron (TV Size) | Ijiwaru na Anata ~Shitto Darake~ | VALLISTA | Papermoon | Adam (Off Vocal) | Hyper Vivacity | Extend Ash ~ Houraijin | OX Game (Cut Break ver.) | Ouroboros -single Stroke Of The End- | Instant Blue | Valley of Voices | P8107 | Tie me down gently -long ver- | Insane Techniques | Fading Sky | RoquiRa : Between Life and Death
96,82,1676,ASPIRE (1819) | || 2B only&Asphire (1555) | ASPIRE (12652) | Storyboard - Aspire - 2B (6456) | * Aspire StoryBoard (1799),Time Traveler | Unshakable | Mayday (feat. Laura Brehm) | Lullaby | MAKE IT FUNKY NOW (BMS EDIT) | MariannE | Disconnected Hardkore (CanBlaster Remix) | Evanescent | Acid Rain | cherry blossoms explode across the dying horizon | Ping | Acid Rain | cherry blossoms explode across the dying horizon | Transform (Original Mix) | Space Invaders | slow down | Bad Apple!! feat. nomico | Aleph-0 | Without Warning | dandelion
97,38,1121,GAMMA (12296) | gamma slop (16139) | shred (outdated from 2024) (12574) | DELTA/GAMMA (15186) |         gama (16812),REASON GAMMA | Bad For Me GAMMA | Akasha GAMMA | Ice Angel GAMMA | Cellar of Ghosts GAMMA | Vertex Delta | The Deceit GAMMA | Sidetracked Day GAMMA | Vertex Delta | FN .380 ACP#19074 DELTA | Victims Of Contingency GAMMA | Palette GAMMA | Epitaph DELTA | Ice Angel GAMMA | Sidetracked Day GAMMA | FN .380 ACP#19074 DELTA | March of War / Axe of Judgement MINI GAMMA | Popular GAMMA | March of War / Axe of Judgement MINI GAMMA | The Whisper of Ancient GAMMA
98,81,607,4-digit warmup (6167) | Nyari#1 (293) |             elo elo relax (16938) | ` * Lower BPM Streams (340) | low bpm streams (16427),Ice Angel | RTCMON | Just Hold on (To All Fighters) | Mythologia's End | Great Nano Desu* | Sonata No.14 in cis-Moll  Op. 27/2 - 3. Satz | Sewing Machine | Junpaku*study time | Defenders | Deconstruction Star | True Blue | Valley of the Damned | Midorigo Queen Bee (Cut Ver.) | Symphony of the Night | Tower Of Heaven (You Are Slaves) | Liar Liar (Wasteland Monarchy) | Kislorod | Wind God Girl | AiAe | Bon Appetit S (Oldskool HappyHardcore Remix) (Short Ver.)
99,35,577,o!c - giewar -   cool tech maps (5355) |   cool tech maps (956) | cool tech maps (2783) | all kind of tech maps (3188) |   tech (2503),Grenade | Tik Tok (Right on Time) | Trip to Valhalla | furioso melodia | memoryleak | Birds of Plague | Dota 2 real time strats | Animosity | shut up i don't want to talk | So Damn Tough | TAPIOCA | Viyella's Memory | Calamity Fortune (extended ver.) | Rebuilding of Paradise Lost | Poison Mushroom | Disconnected Hardkore (CanBlaster Remix) | Libertas (Extended ver.) | Last Judgement | Goodbye | Vision
